ring_location	frame	decoded	hp_role	hp_location	subject	roi	session	run
upper_right	0	5.8119674	orth	upper_left	2	V1	1	1
upper_right	1	2.8563805	orth	upper_left	2	V1	1	1
upper_right	2	2.8902705	orth	upper_left	2	V1	1	1
upper_right	3	2.8988743	orth	upper_left	2	V1	1	1
upper_right	4	2.807594	orth	upper_left	2	V1	1	1
upper_right	5	2.7550077	orth	upper_left	2	V1	1	1
upper_right	6	2.7997684	orth	upper_left	2	V1	1	1
upper_right	7	2.8851268	orth	upper_left	2	V1	1	1
upper_right	8	2.9469795	orth	upper_left	2	V1	1	1
upper_right	9	3.0186708	orth	upper_left	2	V1	1	1
upper_right	10	3.0564654	orth	upper_left	2	V1	1	1
upper_right	11	3.0725317	orth	upper_left	2	V1	1	1
upper_right	12	3.1031263	orth	upper_left	2	V1	1	1
upper_right	13	3.0233564	orth	upper_left	2	V1	1	1
upper_right	14	2.8973677	orth	upper_left	2	V1	1	1
upper_right	15	2.8145158	orth	upper_left	2	V1	1	1
upper_right	16	2.8441212	orth	upper_left	2	V1	1	1
upper_right	17	2.8364084	orth	upper_left	2	V1	1	1
upper_right	18	2.7876437	orth	upper_left	2	V1	1	1
upper_right	19	2.8558474	orth	upper_left	2	V1	1	1
upper_right	20	2.901706	orth	upper_left	2	V1	1	1
upper_right	21	2.9098642	orth	upper_left	2	V1	1	1
upper_right	22	2.9336083	orth	upper_left	2	V1	1	1
upper_right	23	2.9785883	orth	upper_left	2	V1	1	1
upper_right	24	2.9739773	orth	upper_left	2	V1	1	1
upper_right	25	2.9246702	orth	upper_left	2	V1	1	1
upper_right	26	2.9303834	orth	upper_left	2	V1	1	1
upper_right	27	2.8838367	orth	upper_left	2	V1	1	1
upper_right	28	2.7652972	orth	upper_left	2	V1	1	1
upper_right	29	2.7018597	orth	upper_left	2	V1	1	1
upper_right	30	2.7256339	orth	upper_left	2	V1	1	1
upper_right	31	2.8488693	orth	upper_left	2	V1	1	1
upper_right	32	2.8388977	orth	upper_left	2	V1	1	1
upper_right	33	2.902748	orth	upper_left	2	V1	1	1
upper_right	34	2.951742	orth	upper_left	2	V1	1	1
upper_right	35	2.977151	orth	upper_left	2	V1	1	1
upper_right	36	2.908531	orth	upper_left	2	V1	1	1
upper_right	37	2.8421032	orth	upper_left	2	V1	1	1
upper_right	38	2.863804	orth	upper_left	2	V1	1	1
upper_right	39	2.8307164	orth	upper_left	2	V1	1	1
upper_right	40	2.8070185	orth	upper_left	2	V1	1	1
upper_right	41	2.824445	orth	upper_left	2	V1	1	1
upper_right	42	2.868345	orth	upper_left	2	V1	1	1
upper_right	43	2.9434707	orth	upper_left	2	V1	1	1
upper_right	44	2.9612377	orth	upper_left	2	V1	1	1
upper_right	45	3.0557919	orth	upper_left	2	V1	1	1
upper_right	46	3.080103	orth	upper_left	2	V1	1	1
upper_right	47	3.026952	orth	upper_left	2	V1	1	1
upper_right	48	2.9866924	orth	upper_left	2	V1	1	1
upper_right	49	3.0144374	orth	upper_left	2	V1	1	1
upper_right	50	2.9414349	orth	upper_left	2	V1	1	1
upper_right	51	2.8056724	orth	upper_left	2	V1	1	1
upper_right	52	2.848937	orth	upper_left	2	V1	1	1
upper_right	53	2.801402	orth	upper_left	2	V1	1	1
upper_right	54	2.7450573	orth	upper_left	2	V1	1	1
upper_right	55	2.7287056	orth	upper_left	2	V1	1	1
upper_right	56	2.8036559	orth	upper_left	2	V1	1	1
upper_right	57	2.8597162	orth	upper_left	2	V1	1	1
upper_right	58	2.8710928	orth	upper_left	2	V1	1	1
upper_right	59	2.9095297	orth	upper_left	2	V1	1	1
upper_right	60	2.9666443	orth	upper_left	2	V1	1	1
upper_right	61	2.9659348	orth	upper_left	2	V1	1	1
upper_right	62	2.9847338	orth	upper_left	2	V1	1	1
upper_right	63	2.9543915	orth	upper_left	2	V1	1	1
upper_right	64	3.0057182	orth	upper_left	2	V1	1	1
upper_right	65	2.977307	orth	upper_left	2	V1	1	1
upper_right	66	2.8655455	orth	upper_left	2	V1	1	1
upper_right	67	2.82877	orth	upper_left	2	V1	1	1
upper_right	68	2.7420027	orth	upper_left	2	V1	1	1
upper_right	69	2.789076	orth	upper_left	2	V1	1	1
upper_right	70	2.8229249	orth	upper_left	2	V1	1	1
upper_right	71	2.7895243	orth	upper_left	2	V1	1	1
upper_right	72	2.7914712	orth	upper_left	2	V1	1	1
upper_right	73	2.8782303	orth	upper_left	2	V1	1	1
upper_right	74	2.9605103	orth	upper_left	2	V1	1	1
upper_right	75	2.9432518	orth	upper_left	2	V1	1	1
upper_right	76	2.9509518	orth	upper_left	2	V1	1	1
upper_right	77	2.95403	orth	upper_left	2	V1	1	1
upper_right	78	2.9543266	orth	upper_left	2	V1	1	1
upper_right	79	2.9470232	orth	upper_left	2	V1	1	1
upper_right	80	2.886462	orth	upper_left	2	V1	1	1
upper_right	81	2.921775	orth	upper_left	2	V1	1	1
upper_right	82	2.9537556	orth	upper_left	2	V1	1	1
upper_right	83	2.9759598	orth	upper_left	2	V1	1	1
upper_right	84	2.9929879	orth	upper_left	2	V1	1	1
upper_right	85	3.0032177	orth	upper_left	2	V1	1	1
upper_right	86	2.8896015	orth	upper_left	2	V1	1	1
upper_right	87	2.897291	orth	upper_left	2	V1	1	1
upper_right	88	2.936762	orth	upper_left	2	V1	1	1
upper_right	89	2.8790379	orth	upper_left	2	V1	1	1
upper_right	90	2.8504841	orth	upper_left	2	V1	1	1
upper_right	91	2.934187	orth	upper_left	2	V1	1	1
upper_right	92	2.9335616	orth	upper_left	2	V1	1	1
upper_right	93	2.8543212	orth	upper_left	2	V1	1	1
upper_right	94	2.8247204	orth	upper_left	2	V1	1	1
upper_right	95	2.835355	orth	upper_left	2	V1	1	1
upper_right	96	2.910944	orth	upper_left	2	V1	1	1
upper_right	97	2.9086306	orth	upper_left	2	V1	1	1
upper_right	98	2.8085566	orth	upper_left	2	V1	1	1
upper_right	99	2.789986	orth	upper_left	2	V1	1	1
upper_right	100	2.8442767	orth	upper_left	2	V1	1	1
upper_right	101	2.852176	orth	upper_left	2	V1	1	1
upper_right	102	2.8173683	orth	upper_left	2	V1	1	1
upper_right	103	2.862811	orth	upper_left	2	V1	1	1
upper_right	104	2.835201	orth	upper_left	2	V1	1	1
upper_right	105	2.815323	orth	upper_left	2	V1	1	1
upper_right	106	2.8473969	orth	upper_left	2	V1	1	1
upper_right	107	2.822152	orth	upper_left	2	V1	1	1
upper_right	108	2.8302553	orth	upper_left	2	V1	1	1
upper_right	109	2.8918257	orth	upper_left	2	V1	1	1
upper_right	110	2.9931164	orth	upper_left	2	V1	1	1
upper_right	111	2.9851978	orth	upper_left	2	V1	1	1
upper_right	112	2.9300816	orth	upper_left	2	V1	1	1
upper_right	113	2.9412508	orth	upper_left	2	V1	1	1
upper_right	114	2.9861233	orth	upper_left	2	V1	1	1
upper_right	115	2.9221325	orth	upper_left	2	V1	1	1
upper_right	116	2.9148567	orth	upper_left	2	V1	1	1
upper_right	117	2.9110944	orth	upper_left	2	V1	1	1
upper_right	118	2.9298036	orth	upper_left	2	V1	1	1
upper_right	119	2.9750955	orth	upper_left	2	V1	1	1
upper_right	120	2.940191	orth	upper_left	2	V1	1	1
upper_right	121	2.9403484	orth	upper_left	2	V1	1	1
upper_right	122	2.99729	orth	upper_left	2	V1	1	1
upper_right	123	3.0118876	orth	upper_left	2	V1	1	1
upper_right	124	2.9338734	orth	upper_left	2	V1	1	1
upper_right	125	2.9371445	orth	upper_left	2	V1	1	1
upper_right	126	2.8982074	orth	upper_left	2	V1	1	1
upper_right	127	2.9415267	orth	upper_left	2	V1	1	1
upper_right	128	2.8975546	orth	upper_left	2	V1	1	1
upper_right	129	2.8889878	orth	upper_left	2	V1	1	1
upper_right	130	2.8156433	orth	upper_left	2	V1	1	1
upper_right	131	2.7848556	orth	upper_left	2	V1	1	1
upper_right	132	2.825609	orth	upper_left	2	V1	1	1
upper_right	133	2.8395689	orth	upper_left	2	V1	1	1
upper_right	134	2.859843	orth	upper_left	2	V1	1	1
upper_right	135	2.911028	orth	upper_left	2	V1	1	1
upper_right	136	2.9879856	orth	upper_left	2	V1	1	1
upper_right	137	2.9670918	orth	upper_left	2	V1	1	1
upper_right	138	2.8742113	orth	upper_left	2	V1	1	1
upper_right	139	2.8795462	orth	upper_left	2	V1	1	1
upper_right	140	2.8730404	orth	upper_left	2	V1	1	1
upper_right	141	2.848666	orth	upper_left	2	V1	1	1
upper_right	142	2.8737833	orth	upper_left	2	V1	1	1
upper_right	143	2.858652	orth	upper_left	2	V1	1	1
upper_right	144	2.8457096	orth	upper_left	2	V1	1	1
upper_right	145	2.819066	orth	upper_left	2	V1	1	1
upper_right	146	2.8558457	orth	upper_left	2	V1	1	1
upper_right	147	2.9536712	orth	upper_left	2	V1	1	1
upper_right	148	2.94256	orth	upper_left	2	V1	1	1
upper_right	149	2.894767	orth	upper_left	2	V1	1	1
upper_right	150	2.8292997	orth	upper_left	2	V1	1	1
upper_right	151	2.846757	orth	upper_left	2	V1	1	1
upper_right	152	2.8434603	orth	upper_left	2	V1	1	1
upper_right	153	2.8033838	orth	upper_left	2	V1	1	1
upper_right	154	2.8073282	orth	upper_left	2	V1	1	1
upper_right	155	2.7833817	orth	upper_left	2	V1	1	1
upper_right	156	2.8330038	orth	upper_left	2	V1	1	1
upper_right	157	2.9058418	orth	upper_left	2	V1	1	1
upper_right	158	2.8823512	orth	upper_left	2	V1	1	1
upper_right	159	2.8569028	orth	upper_left	2	V1	1	1
upper_right	160	2.8864756	orth	upper_left	2	V1	1	1
upper_right	161	2.9543612	orth	upper_left	2	V1	1	1
upper_right	162	2.990239	orth	upper_left	2	V1	1	1
upper_right	163	3.0075207	orth	upper_left	2	V1	1	1
upper_right	164	2.9436052	orth	upper_left	2	V1	1	1
upper_right	165	2.9210472	orth	upper_left	2	V1	1	1
upper_right	166	2.8924491	orth	upper_left	2	V1	1	1
upper_right	167	2.9602177	orth	upper_left	2	V1	1	1
upper_right	168	2.9221895	orth	upper_left	2	V1	1	1
upper_right	169	2.88612	orth	upper_left	2	V1	1	1
upper_right	170	2.8230484	orth	upper_left	2	V1	1	1
upper_right	171	2.7993166	orth	upper_left	2	V1	1	1
upper_right	172	2.8101962	orth	upper_left	2	V1	1	1
upper_right	173	2.885562	orth	upper_left	2	V1	1	1
upper_right	174	2.929362	orth	upper_left	2	V1	1	1
upper_right	175	3.0220835	orth	upper_left	2	V1	1	1
upper_right	176	3.0137024	orth	upper_left	2	V1	1	1
upper_right	177	3.0187895	orth	upper_left	2	V1	1	1
upper_right	178	2.993346	orth	upper_left	2	V1	1	1
upper_right	179	2.9532902	orth	upper_left	2	V1	1	1
upper_right	180	2.9004288	orth	upper_left	2	V1	1	1
upper_right	181	2.9077847	orth	upper_left	2	V1	1	1
upper_right	182	2.8555155	orth	upper_left	2	V1	1	1
upper_right	183	2.8285015	orth	upper_left	2	V1	1	1
upper_right	184	2.9161632	orth	upper_left	2	V1	1	1
upper_right	185	2.9581194	orth	upper_left	2	V1	1	1
upper_right	186	2.9693992	orth	upper_left	2	V1	1	1
upper_right	187	2.9448636	orth	upper_left	2	V1	1	1
upper_right	188	2.882472	orth	upper_left	2	V1	1	1
upper_right	189	2.8671339	orth	upper_left	2	V1	1	1
upper_right	190	2.8953173	orth	upper_left	2	V1	1	1
upper_right	191	2.8541737	orth	upper_left	2	V1	1	1
upper_right	192	2.7613108	orth	upper_left	2	V1	1	1
upper_right	193	2.794854	orth	upper_left	2	V1	1	1
upper_right	194	2.8888586	orth	upper_left	2	V1	1	1
upper_right	195	2.9000432	orth	upper_left	2	V1	1	1
upper_right	196	2.8899767	orth	upper_left	2	V1	1	1
upper_right	197	2.9265764	orth	upper_left	2	V1	1	1
upper_right	198	2.9735622	orth	upper_left	2	V1	1	1
upper_right	199	3.090479	orth	upper_left	2	V1	1	1
upper_right	200	3.0639565	orth	upper_left	2	V1	1	1
upper_right	201	2.9637482	orth	upper_left	2	V1	1	1
upper_right	202	2.884718	orth	upper_left	2	V1	1	1
upper_right	203	2.9167728	orth	upper_left	2	V1	1	1
upper_right	204	2.8417408	orth	upper_left	2	V1	1	1
upper_right	205	2.7680638	orth	upper_left	2	V1	1	1
upper_right	206	2.7524254	orth	upper_left	2	V1	1	1
upper_right	207	2.823467	orth	upper_left	2	V1	1	1
upper_right	208	2.8534825	orth	upper_left	2	V1	1	1
upper_right	209	2.8666632	orth	upper_left	2	V1	1	1
upper_right	210	2.8104258	orth	upper_left	2	V1	1	1
upper_right	211	2.8345053	orth	upper_left	2	V1	1	1
upper_right	212	2.9444656	orth	upper_left	2	V1	1	1
upper_right	213	2.9415185	orth	upper_left	2	V1	1	1
upper_right	214	2.956824	orth	upper_left	2	V1	1	1
upper_right	215	2.9465637	orth	upper_left	2	V1	1	1
upper_right	216	2.9022987	orth	upper_left	2	V1	1	1
upper_right	217	2.8594172	orth	upper_left	2	V1	1	1
upper_right	218	2.8416882	orth	upper_left	2	V1	1	1
upper_right	219	2.7962894	orth	upper_left	2	V1	1	1
upper_right	220	2.817742	orth	upper_left	2	V1	1	1
upper_right	221	2.7617686	orth	upper_left	2	V1	1	1
upper_right	222	2.7740605	orth	upper_left	2	V1	1	1
upper_right	223	2.8152192	orth	upper_left	2	V1	1	1
upper_right	224	2.9311953	orth	upper_left	2	V1	1	1
upper_right	225	2.9409502	orth	upper_left	2	V1	1	1
upper_right	226	2.8995705	orth	upper_left	2	V1	1	1
upper_right	227	2.8312247	orth	upper_left	2	V1	1	1
upper_right	228	2.9071817	orth	upper_left	2	V1	1	1
upper_right	229	2.92258	orth	upper_left	2	V1	1	1
upper_right	230	2.93147	orth	upper_left	2	V1	1	1
upper_right	231	2.9480603	orth	upper_left	2	V1	1	1
upper_right	232	2.9615605	orth	upper_left	2	V1	1	1
upper_right	233	2.8890111	orth	upper_left	2	V1	1	1
upper_right	234	2.8113492	orth	upper_left	2	V1	1	1
upper_right	235	2.8291492	orth	upper_left	2	V1	1	1
upper_right	236	2.9402568	orth	upper_left	2	V1	1	1
upper_right	237	3.0373688	orth	upper_left	2	V1	1	1
upper_right	238	2.9397285	orth	upper_left	2	V1	1	1
upper_right	239	2.898696	orth	upper_left	2	V1	1	1
upper_right	240	2.9525385	orth	upper_left	2	V1	1	1
upper_right	241	3.012932	orth	upper_left	2	V1	1	1
upper_right	242	2.971033	orth	upper_left	2	V1	1	1
upper_right	243	2.940977	orth	upper_left	2	V1	1	1
upper_right	244	2.9602206	orth	upper_left	2	V1	1	1
upper_right	245	3.0432854	orth	upper_left	2	V1	1	1
upper_right	246	3.0822632	orth	upper_left	2	V1	1	1
upper_right	247	3.0869112	orth	upper_left	2	V1	1	1
upper_right	248	3.1228714	orth	upper_left	2	V1	1	1
upper_right	249	3.1695366	orth	upper_left	2	V1	1	1
upper_right	250	3.2309635	orth	upper_left	2	V1	1	1
upper_right	251	3.3063	orth	upper_left	2	V1	1	1
upper_right	252	3.2750342	orth	upper_left	2	V1	1	1
upper_right	253	3.1766417	orth	upper_left	2	V1	1	1
upper_right	254	2.9242575	orth	upper_left	2	V1	1	1
upper_right	255	2.135755	orth	upper_left	2	V1	1	1
upper_right	256	0.6351373	orth	upper_left	2	V1	1	1
upper_right	257	9.5367403e-07	orth	upper_left	2	V1	1	1
upper_left	0	1.1920928e-07	HP	upper_left	2	V1	1	1
upper_left	1	2.980232e-07	HP	upper_left	2	V1	1	1
upper_left	2	3.079573e-07	HP	upper_left	2	V1	1	1
upper_left	3	2.980232e-07	HP	upper_left	2	V1	1	1
upper_left	4	2.6822087e-07	HP	upper_left	2	V1	1	1
upper_left	5	2.3841856e-07	HP	upper_left	2	V1	1	1
upper_left	6	2.78155e-07	HP	upper_left	2	V1	1	1
upper_left	7	3.5762778e-07	HP	upper_left	2	V1	1	1
upper_left	8	4.5696888e-07	HP	upper_left	2	V1	1	1
upper_left	9	6.159145e-07	HP	upper_left	2	V1	1	1
upper_left	10	5.1657344e-07	HP	upper_left	2	V1	1	1
upper_left	11	5.1657344e-07	HP	upper_left	2	V1	1	1
upper_left	12	5.5630983e-07	HP	upper_left	2	V1	1	1
upper_left	13	3.476937e-07	HP	upper_left	2	V1	1	1
upper_left	14	2.6822087e-07	HP	upper_left	2	V1	1	1
upper_left	15	2.3841856e-07	HP	upper_left	2	V1	1	1
upper_left	16	2.78155e-07	HP	upper_left	2	V1	1	1
upper_left	17	2.980232e-07	HP	upper_left	2	V1	1	1
upper_left	18	2.6822087e-07	HP	upper_left	2	V1	1	1
upper_left	19	2.980232e-07	HP	upper_left	2	V1	1	1
upper_left	20	2.78155e-07	HP	upper_left	2	V1	1	1
upper_left	21	2.3841856e-07	HP	upper_left	2	V1	1	1
upper_left	22	2.6822087e-07	HP	upper_left	2	V1	1	1
upper_left	23	3.476937e-07	HP	upper_left	2	V1	1	1
upper_left	24	3.7749604e-07	HP	upper_left	2	V1	1	1
upper_left	25	3.3775962e-07	HP	upper_left	2	V1	1	1
upper_left	26	3.5762778e-07	HP	upper_left	2	V1	1	1
upper_left	27	3.5762778e-07	HP	upper_left	2	V1	1	1
upper_left	28	2.980232e-07	HP	upper_left	2	V1	1	1
upper_left	29	2.5828678e-07	HP	upper_left	2	V1	1	1
upper_left	30	2.3841856e-07	HP	upper_left	2	V1	1	1
upper_left	31	2.980232e-07	HP	upper_left	2	V1	1	1
upper_left	32	2.8808907e-07	HP	upper_left	2	V1	1	1
upper_left	33	2.78155e-07	HP	upper_left	2	V1	1	1
upper_left	34	3.079573e-07	HP	upper_left	2	V1	1	1
upper_left	35	3.6756194e-07	HP	upper_left	2	V1	1	1
upper_left	36	3.476937e-07	HP	upper_left	2	V1	1	1
upper_left	37	2.78155e-07	HP	upper_left	2	V1	1	1
upper_left	38	3.079573e-07	HP	upper_left	2	V1	1	1
upper_left	39	2.980232e-07	HP	upper_left	2	V1	1	1
upper_left	40	2.78155e-07	HP	upper_left	2	V1	1	1
upper_left	41	2.6822087e-07	HP	upper_left	2	V1	1	1
upper_left	42	2.78155e-07	HP	upper_left	2	V1	1	1
upper_left	43	3.2782552e-07	HP	upper_left	2	V1	1	1
upper_left	44	3.476937e-07	HP	upper_left	2	V1	1	1
upper_left	45	4.7683702e-07	HP	upper_left	2	V1	1	1
upper_left	46	4.5696888e-07	HP	upper_left	2	V1	1	1
upper_left	47	3.8743016e-07	HP	upper_left	2	V1	1	1
upper_left	48	4.0729833e-07	HP	upper_left	2	V1	1	1
upper_left	49	4.5696888e-07	HP	upper_left	2	V1	1	1
upper_left	50	4.0729833e-07	HP	upper_left	2	V1	1	1
upper_left	51	2.980232e-07	HP	upper_left	2	V1	1	1
upper_left	52	3.079573e-07	HP	upper_left	2	V1	1	1
upper_left	53	2.6822087e-07	HP	upper_left	2	V1	1	1
upper_left	54	2.3841856e-07	HP	upper_left	2	V1	1	1
upper_left	55	2.2848445e-07	HP	upper_left	2	V1	1	1
upper_left	56	2.78155e-07	HP	upper_left	2	V1	1	1
upper_left	57	2.980232e-07	HP	upper_left	2	V1	1	1
upper_left	58	3.079573e-07	HP	upper_left	2	V1	1	1
upper_left	59	3.6756194e-07	HP	upper_left	2	V1	1	1
upper_left	60	4.2716655e-07	HP	upper_left	2	V1	1	1
upper_left	61	3.6756194e-07	HP	upper_left	2	V1	1	1
upper_left	62	3.476937e-07	HP	upper_left	2	V1	1	1
upper_left	63	3.079573e-07	HP	upper_left	2	V1	1	1
upper_left	64	3.476937e-07	HP	upper_left	2	V1	1	1
upper_left	65	3.178914e-07	HP	upper_left	2	V1	1	1
upper_left	66	2.6822087e-07	HP	upper_left	2	V1	1	1
upper_left	67	2.6822087e-07	HP	upper_left	2	V1	1	1
upper_left	68	2.5828678e-07	HP	upper_left	2	V1	1	1
upper_left	69	2.78155e-07	HP	upper_left	2	V1	1	1
upper_left	70	2.980232e-07	HP	upper_left	2	V1	1	1
upper_left	71	2.6822087e-07	HP	upper_left	2	V1	1	1
upper_left	72	2.3841856e-07	HP	upper_left	2	V1	1	1
upper_left	73	2.6822087e-07	HP	upper_left	2	V1	1	1
upper_left	74	3.476937e-07	HP	upper_left	2	V1	1	1
upper_left	75	3.5762778e-07	HP	upper_left	2	V1	1	1
upper_left	76	3.6756194e-07	HP	upper_left	2	V1	1	1
upper_left	77	3.7749604e-07	HP	upper_left	2	V1	1	1
upper_left	78	4.3710065e-07	HP	upper_left	2	V1	1	1
upper_left	79	4.3710065e-07	HP	upper_left	2	V1	1	1
upper_left	80	3.5762778e-07	HP	upper_left	2	V1	1	1
upper_left	81	3.5762778e-07	HP	upper_left	2	V1	1	1
upper_left	82	3.5762778e-07	HP	upper_left	2	V1	1	1
upper_left	83	3.476937e-07	HP	upper_left	2	V1	1	1
upper_left	84	3.6756194e-07	HP	upper_left	2	V1	1	1
upper_left	85	3.5762778e-07	HP	upper_left	2	V1	1	1
upper_left	86	2.78155e-07	HP	upper_left	2	V1	1	1
upper_left	87	2.6822087e-07	HP	upper_left	2	V1	1	1
upper_left	88	3.079573e-07	HP	upper_left	2	V1	1	1
upper_left	89	2.78155e-07	HP	upper_left	2	V1	1	1
upper_left	90	2.6822087e-07	HP	upper_left	2	V1	1	1
upper_left	91	3.079573e-07	HP	upper_left	2	V1	1	1
upper_left	92	3.079573e-07	HP	upper_left	2	V1	1	1
upper_left	93	2.78155e-07	HP	upper_left	2	V1	1	1
upper_left	94	2.6822087e-07	HP	upper_left	2	V1	1	1
upper_left	95	2.6822087e-07	HP	upper_left	2	V1	1	1
upper_left	96	3.079573e-07	HP	upper_left	2	V1	1	1
upper_left	97	3.079573e-07	HP	upper_left	2	V1	1	1
upper_left	98	2.78155e-07	HP	upper_left	2	V1	1	1
upper_left	99	2.78155e-07	HP	upper_left	2	V1	1	1
upper_left	100	3.2782552e-07	HP	upper_left	2	V1	1	1
upper_left	101	3.2782552e-07	HP	upper_left	2	V1	1	1
upper_left	102	2.980232e-07	HP	upper_left	2	V1	1	1
upper_left	103	3.2782552e-07	HP	upper_left	2	V1	1	1
upper_left	104	2.78155e-07	HP	upper_left	2	V1	1	1
upper_left	105	2.6822087e-07	HP	upper_left	2	V1	1	1
upper_left	106	3.079573e-07	HP	upper_left	2	V1	1	1
upper_left	107	3.079573e-07	HP	upper_left	2	V1	1	1
upper_left	108	3.079573e-07	HP	upper_left	2	V1	1	1
upper_left	109	3.5762778e-07	HP	upper_left	2	V1	1	1
upper_left	110	5.066393e-07	HP	upper_left	2	V1	1	1
upper_left	111	4.9670524e-07	HP	upper_left	2	V1	1	1
upper_left	112	3.7749604e-07	HP	upper_left	2	V1	1	1
upper_left	113	3.476937e-07	HP	upper_left	2	V1	1	1
upper_left	114	3.5762778e-07	HP	upper_left	2	V1	1	1
upper_left	115	3.079573e-07	HP	upper_left	2	V1	1	1
upper_left	116	2.78155e-07	HP	upper_left	2	V1	1	1
upper_left	117	2.78155e-07	HP	upper_left	2	V1	1	1
upper_left	118	3.178914e-07	HP	upper_left	2	V1	1	1
upper_left	119	4.0729833e-07	HP	upper_left	2	V1	1	1
upper_left	120	3.6756194e-07	HP	upper_left	2	V1	1	1
upper_left	121	3.5762778e-07	HP	upper_left	2	V1	1	1
upper_left	122	3.7749604e-07	HP	upper_left	2	V1	1	1
upper_left	123	3.476937e-07	HP	upper_left	2	V1	1	1
upper_left	124	2.78155e-07	HP	upper_left	2	V1	1	1
upper_left	125	2.78155e-07	HP	upper_left	2	V1	1	1
upper_left	126	2.78155e-07	HP	upper_left	2	V1	1	1
upper_left	127	3.5762778e-07	HP	upper_left	2	V1	1	1
upper_left	128	3.3775962e-07	HP	upper_left	2	V1	1	1
upper_left	129	3.5762778e-07	HP	upper_left	2	V1	1	1
upper_left	130	2.8808907e-07	HP	upper_left	2	V1	1	1
upper_left	131	3.079573e-07	HP	upper_left	2	V1	1	1
upper_left	132	3.079573e-07	HP	upper_left	2	V1	1	1
upper_left	133	2.78155e-07	HP	upper_left	2	V1	1	1
upper_left	134	2.78155e-07	HP	upper_left	2	V1	1	1
upper_left	135	3.079573e-07	HP	upper_left	2	V1	1	1
upper_left	136	3.5762778e-07	HP	upper_left	2	V1	1	1
upper_left	137	3.5762778e-07	HP	upper_left	2	V1	1	1
upper_left	138	3.079573e-07	HP	upper_left	2	V1	1	1
upper_left	139	3.079573e-07	HP	upper_left	2	V1	1	1
upper_left	140	2.78155e-07	HP	upper_left	2	V1	1	1
upper_left	141	2.6822087e-07	HP	upper_left	2	V1	1	1
upper_left	142	2.78155e-07	HP	upper_left	2	V1	1	1
upper_left	143	2.6822087e-07	HP	upper_left	2	V1	1	1
upper_left	144	2.5828678e-07	HP	upper_left	2	V1	1	1
upper_left	145	2.4835268e-07	HP	upper_left	2	V1	1	1
upper_left	146	2.6822087e-07	HP	upper_left	2	V1	1	1
upper_left	147	3.476937e-07	HP	upper_left	2	V1	1	1
upper_left	148	3.5762778e-07	HP	upper_left	2	V1	1	1
upper_left	149	3.079573e-07	HP	upper_left	2	V1	1	1
upper_left	150	2.6822087e-07	HP	upper_left	2	V1	1	1
upper_left	151	2.78155e-07	HP	upper_left	2	V1	1	1
upper_left	152	2.980232e-07	HP	upper_left	2	V1	1	1
upper_left	153	2.78155e-07	HP	upper_left	2	V1	1	1
upper_left	154	2.78155e-07	HP	upper_left	2	V1	1	1
upper_left	155	2.6822087e-07	HP	upper_left	2	V1	1	1
upper_left	156	2.78155e-07	HP	upper_left	2	V1	1	1
upper_left	157	3.5762778e-07	HP	upper_left	2	V1	1	1
upper_left	158	3.5762778e-07	HP	upper_left	2	V1	1	1
upper_left	159	3.2782552e-07	HP	upper_left	2	V1	1	1
upper_left	160	3.3775962e-07	HP	upper_left	2	V1	1	1
upper_left	161	3.6756194e-07	HP	upper_left	2	V1	1	1
upper_left	162	4.3710065e-07	HP	upper_left	2	V1	1	1
upper_left	163	4.7683702e-07	HP	upper_left	2	V1	1	1
upper_left	164	3.3775962e-07	HP	upper_left	2	V1	1	1
upper_left	165	2.6822087e-07	HP	upper_left	2	V1	1	1
upper_left	166	2.6822087e-07	HP	upper_left	2	V1	1	1
upper_left	167	3.178914e-07	HP	upper_left	2	V1	1	1
upper_left	168	3.2782552e-07	HP	upper_left	2	V1	1	1
upper_left	169	2.980232e-07	HP	upper_left	2	V1	1	1
upper_left	170	2.6822087e-07	HP	upper_left	2	V1	1	1
upper_left	171	2.6822087e-07	HP	upper_left	2	V1	1	1
upper_left	172	3.079573e-07	HP	upper_left	2	V1	1	1
upper_left	173	3.5762778e-07	HP	upper_left	2	V1	1	1
upper_left	174	3.2782552e-07	HP	upper_left	2	V1	1	1
upper_left	175	3.476937e-07	HP	upper_left	2	V1	1	1
upper_left	176	3.476937e-07	HP	upper_left	2	V1	1	1
upper_left	177	3.5762778e-07	HP	upper_left	2	V1	1	1
upper_left	178	3.6756194e-07	HP	upper_left	2	V1	1	1
upper_left	179	3.5762778e-07	HP	upper_left	2	V1	1	1
upper_left	180	3.5762778e-07	HP	upper_left	2	V1	1	1
upper_left	181	4.1723243e-07	HP	upper_left	2	V1	1	1
upper_left	182	3.6756194e-07	HP	upper_left	2	V1	1	1
upper_left	183	3.2782552e-07	HP	upper_left	2	V1	1	1
upper_left	184	3.6756194e-07	HP	upper_left	2	V1	1	1
upper_left	185	4.0729833e-07	HP	upper_left	2	V1	1	1
upper_left	186	4.1723243e-07	HP	upper_left	2	V1	1	1
upper_left	187	3.476937e-07	HP	upper_left	2	V1	1	1
upper_left	188	3.079573e-07	HP	upper_left	2	V1	1	1
upper_left	189	3.079573e-07	HP	upper_left	2	V1	1	1
upper_left	190	3.2782552e-07	HP	upper_left	2	V1	1	1
upper_left	191	2.980232e-07	HP	upper_left	2	V1	1	1
upper_left	192	2.5828678e-07	HP	upper_left	2	V1	1	1
upper_left	193	2.5828678e-07	HP	upper_left	2	V1	1	1
upper_left	194	2.980232e-07	HP	upper_left	2	V1	1	1
upper_left	195	2.8808907e-07	HP	upper_left	2	V1	1	1
upper_left	196	2.78155e-07	HP	upper_left	2	V1	1	1
upper_left	197	2.6822087e-07	HP	upper_left	2	V1	1	1
upper_left	198	2.78155e-07	HP	upper_left	2	V1	1	1
upper_left	199	4.9670524e-07	HP	upper_left	2	V1	1	1
upper_left	200	5.2650756e-07	HP	upper_left	2	V1	1	1
upper_left	201	3.6756194e-07	HP	upper_left	2	V1	1	1
upper_left	202	3.079573e-07	HP	upper_left	2	V1	1	1
upper_left	203	3.2782552e-07	HP	upper_left	2	V1	1	1
upper_left	204	2.78155e-07	HP	upper_left	2	V1	1	1
upper_left	205	2.5828678e-07	HP	upper_left	2	V1	1	1
upper_left	206	2.5828678e-07	HP	upper_left	2	V1	1	1
upper_left	207	2.8808907e-07	HP	upper_left	2	V1	1	1
upper_left	208	2.980232e-07	HP	upper_left	2	V1	1	1
upper_left	209	2.78155e-07	HP	upper_left	2	V1	1	1
upper_left	210	2.5828678e-07	HP	upper_left	2	V1	1	1
upper_left	211	2.78155e-07	HP	upper_left	2	V1	1	1
upper_left	212	4.1723243e-07	HP	upper_left	2	V1	1	1
upper_left	213	4.1723243e-07	HP	upper_left	2	V1	1	1
upper_left	214	4.0729833e-07	HP	upper_left	2	V1	1	1
upper_left	215	3.6756194e-07	HP	upper_left	2	V1	1	1
upper_left	216	2.78155e-07	HP	upper_left	2	V1	1	1
upper_left	217	2.6822087e-07	HP	upper_left	2	V1	1	1
upper_left	218	2.3841856e-07	HP	upper_left	2	V1	1	1
upper_left	219	2.1855034e-07	HP	upper_left	2	V1	1	1
upper_left	220	2.5828678e-07	HP	upper_left	2	V1	1	1
upper_left	221	2.5828678e-07	HP	upper_left	2	V1	1	1
upper_left	222	2.78155e-07	HP	upper_left	2	V1	1	1
upper_left	223	2.78155e-07	HP	upper_left	2	V1	1	1
upper_left	224	3.5762778e-07	HP	upper_left	2	V1	1	1
upper_left	225	3.476937e-07	HP	upper_left	2	V1	1	1
upper_left	226	2.78155e-07	HP	upper_left	2	V1	1	1
upper_left	227	2.6822087e-07	HP	upper_left	2	V1	1	1
upper_left	228	3.5762778e-07	HP	upper_left	2	V1	1	1
upper_left	229	3.7749604e-07	HP	upper_left	2	V1	1	1
upper_left	230	3.9736423e-07	HP	upper_left	2	V1	1	1
upper_left	231	3.9736423e-07	HP	upper_left	2	V1	1	1
upper_left	232	3.7749604e-07	HP	upper_left	2	V1	1	1
upper_left	233	2.78155e-07	HP	upper_left	2	V1	1	1
upper_left	234	2.5828678e-07	HP	upper_left	2	V1	1	1
upper_left	235	2.6822087e-07	HP	upper_left	2	V1	1	1
upper_left	236	3.476937e-07	HP	upper_left	2	V1	1	1
upper_left	237	4.6690297e-07	HP	upper_left	2	V1	1	1
upper_left	238	3.2782552e-07	HP	upper_left	2	V1	1	1
upper_left	239	3.079573e-07	HP	upper_left	2	V1	1	1
upper_left	240	3.6756194e-07	HP	upper_left	2	V1	1	1
upper_left	241	4.7683702e-07	HP	upper_left	2	V1	1	1
upper_left	242	4.1723243e-07	HP	upper_left	2	V1	1	1
upper_left	243	3.3775962e-07	HP	upper_left	2	V1	1	1
upper_left	244	3.2782552e-07	HP	upper_left	2	V1	1	1
upper_left	245	3.5762778e-07	HP	upper_left	2	V1	1	1
upper_left	246	3.3775962e-07	HP	upper_left	2	V1	1	1
upper_left	247	2.980232e-07	HP	upper_left	2	V1	1	1
upper_left	248	2.5828678e-07	HP	upper_left	2	V1	1	1
upper_left	249	2.5828678e-07	HP	upper_left	2	V1	1	1
upper_left	250	2.1855034e-07	HP	upper_left	2	V1	1	1
upper_left	251	2.1855034e-07	HP	upper_left	2	V1	1	1
upper_left	252	2.5828678e-07	HP	upper_left	2	V1	1	1
upper_left	253	3.2782552e-07	HP	upper_left	2	V1	1	1
upper_left	254	8.9406916e-07	HP	upper_left	2	V1	1	1
upper_left	255	4.2616925e-06	HP	upper_left	2	V1	1	1
upper_left	256	5.265076e-07	HP	upper_left	2	V1	1	1
upper_left	257	9.5367403e-07	HP	upper_left	2	V1	1	1
lower_left	0	3.4769366e-07	orth	upper_left	2	V1	1	1
lower_left	1	6.3578267e-07	orth	upper_left	2	V1	1	1
lower_left	2	6.556508e-07	orth	upper_left	2	V1	1	1
lower_left	3	7.8479394e-07	orth	upper_left	2	V1	1	1
lower_left	4	5.265075e-07	orth	upper_left	2	V1	1	1
lower_left	5	4.0729833e-07	orth	upper_left	2	V1	1	1
lower_left	6	8.344644e-07	orth	upper_left	2	V1	1	1
lower_left	7	3.486831e-06	orth	upper_left	2	V1	1	1
lower_left	8	0.015122657	orth	upper_left	2	V1	1	1
lower_left	9	0.028803578	orth	upper_left	2	V1	1	1
lower_left	10	0.011568863	orth	upper_left	2	V1	1	1
lower_left	11	0.0119243795	orth	upper_left	2	V1	1	1
lower_left	12	0.044788595	orth	upper_left	2	V1	1	1
lower_left	13	1.1622891e-06	orth	upper_left	2	V1	1	1
lower_left	14	5.265075e-07	orth	upper_left	2	V1	1	1
lower_left	15	4.0729833e-07	orth	upper_left	2	V1	1	1
lower_left	16	4.8677117e-07	orth	upper_left	2	V1	1	1
lower_left	17	6.5565087e-07	orth	upper_left	2	V1	1	1
lower_left	18	4.5696888e-07	orth	upper_left	2	V1	1	1
lower_left	19	6.457167e-07	orth	upper_left	2	V1	1	1
lower_left	20	1.4603105e-06	orth	upper_left	2	V1	1	1
lower_left	21	6.159144e-07	orth	upper_left	2	V1	1	1
lower_left	22	6.953872e-07	orth	upper_left	2	V1	1	1
lower_left	23	0.00055259874	orth	upper_left	2	V1	1	1
lower_left	24	0.040964786	orth	upper_left	2	V1	1	1
lower_left	25	0.013678667	orth	upper_left	2	V1	1	1
lower_left	26	0.008866421	orth	upper_left	2	V1	1	1
lower_left	27	1.1026846e-06	orth	upper_left	2	V1	1	1
lower_left	28	3.9736423e-07	orth	upper_left	2	V1	1	1
lower_left	29	3.2782552e-07	orth	upper_left	2	V1	1	1
lower_left	30	3.3775962e-07	orth	upper_left	2	V1	1	1
lower_left	31	5.066393e-07	orth	upper_left	2	V1	1	1
lower_left	32	4.4703475e-07	orth	upper_left	2	V1	1	1
lower_left	33	4.8677117e-07	orth	upper_left	2	V1	1	1
lower_left	34	6.4571674e-07	orth	upper_left	2	V1	1	1
lower_left	35	0.01726305	orth	upper_left	2	V1	1	1
lower_left	36	1.2020251e-06	orth	upper_left	2	V1	1	1
lower_left	37	7.748599e-07	orth	upper_left	2	V1	1	1
lower_left	38	1.5695847e-06	orth	upper_left	2	V1	1	1
lower_left	39	1.0331461e-06	orth	upper_left	2	V1	1	1
lower_left	40	7.1525545e-07	orth	upper_left	2	V1	1	1
lower_left	41	5.066393e-07	orth	upper_left	2	V1	1	1
lower_left	42	5.165734e-07	orth	upper_left	2	V1	1	1
lower_left	43	1.1026846e-06	orth	upper_left	2	V1	1	1
lower_left	44	1.3311678e-06	orth	upper_left	2	V1	1	1
lower_left	45	0.023950318	orth	upper_left	2	V1	1	1
lower_left	46	0.013555591	orth	upper_left	2	V1	1	1
lower_left	47	2.7219264e-06	orth	upper_left	2	V1	1	1
lower_left	48	9.158854e-06	orth	upper_left	2	V1	1	1
lower_left	49	0.00072152744	orth	upper_left	2	V1	1	1
lower_left	50	4.8697824e-05	orth	upper_left	2	V1	1	1
lower_left	51	6.4571674e-07	orth	upper_left	2	V1	1	1
lower_left	52	8.5433265e-07	orth	upper_left	2	V1	1	1
lower_left	53	5.165734e-07	orth	upper_left	2	V1	1	1
lower_left	54	3.77496e-07	orth	upper_left	2	V1	1	1
lower_left	55	4.0729833e-07	orth	upper_left	2	V1	1	1
lower_left	56	7.649258e-07	orth	upper_left	2	V1	1	1
lower_left	57	1.6490571e-06	orth	upper_left	2	V1	1	1
lower_left	58	6.655849e-07	orth	upper_left	2	V1	1	1
lower_left	59	1.0629483e-06	orth	upper_left	2	V1	1	1
lower_left	60	0.005559066	orth	upper_left	2	V1	1	1
lower_left	61	1.7483976e-06	orth	upper_left	2	V1	1	1
lower_left	62	4.2556567e-05	orth	upper_left	2	V1	1	1
lower_left	63	8.443986e-07	orth	upper_left	2	V1	1	1
lower_left	64	1.2616298e-06	orth	upper_left	2	V1	1	1
lower_left	65	6.854532e-07	orth	upper_left	2	V1	1	1
lower_left	66	4.5696888e-07	orth	upper_left	2	V1	1	1
lower_left	67	5.563099e-07	orth	upper_left	2	V1	1	1
lower_left	68	4.2716655e-07	orth	upper_left	2	V1	1	1
lower_left	69	5.463757e-07	orth	upper_left	2	V1	1	1
lower_left	70	6.9538714e-07	orth	upper_left	2	V1	1	1
lower_left	71	5.066393e-07	orth	upper_left	2	V1	1	1
lower_left	72	4.4703475e-07	orth	upper_left	2	V1	1	1
lower_left	73	5.1657344e-07	orth	upper_left	2	V1	1	1
lower_left	74	3.973589e-06	orth	upper_left	2	V1	1	1
lower_left	75	0.0005792171	orth	upper_left	2	V1	1	1
lower_left	76	0.010622886	orth	upper_left	2	V1	1	1
lower_left	77	0.006630601	orth	upper_left	2	V1	1	1
lower_left	78	5.0166263e-06	orth	upper_left	2	V1	1	1
lower_left	79	1.7086609e-06	orth	upper_left	2	V1	1	1
lower_left	80	5.6624395e-07	orth	upper_left	2	V1	1	1
lower_left	81	1.023212e-06	orth	upper_left	2	V1	1	1
lower_left	82	1.5000468e-06	orth	upper_left	2	V1	1	1
lower_left	83	1.0132779e-06	orth	upper_left	2	V1	1	1
lower_left	84	1.023212e-06	orth	upper_left	2	V1	1	1
lower_left	85	1.0331461e-06	orth	upper_left	2	V1	1	1
lower_left	86	5.3644163e-07	orth	upper_left	2	V1	1	1
lower_left	87	6.65585e-07	orth	upper_left	2	V1	1	1
lower_left	88	1.2417614e-06	orth	upper_left	2	V1	1	1
lower_left	89	5.6624395e-07	orth	upper_left	2	V1	1	1
lower_left	90	5.6624395e-07	orth	upper_left	2	V1	1	1
lower_left	91	1.1523547e-06	orth	upper_left	2	V1	1	1
lower_left	92	1.4503763e-06	orth	upper_left	2	V1	1	1
lower_left	93	7.1525545e-07	orth	upper_left	2	V1	1	1
lower_left	94	8.245304e-07	orth	upper_left	2	V1	1	1
lower_left	95	8.1459626e-07	orth	upper_left	2	V1	1	1
lower_left	96	7.351236e-07	orth	upper_left	2	V1	1	1
lower_left	97	6.655849e-07	orth	upper_left	2	V1	1	1
lower_left	98	4.4703475e-07	orth	upper_left	2	V1	1	1
lower_left	99	5.6624395e-07	orth	upper_left	2	V1	1	1
lower_left	100	8.8413486e-07	orth	upper_left	2	V1	1	1
lower_left	101	1.7682652e-06	orth	upper_left	2	V1	1	1
lower_left	102	7.9472807e-07	orth	upper_left	2	V1	1	1
lower_left	103	9.636075e-07	orth	upper_left	2	V1	1	1
lower_left	104	6.3578267e-07	orth	upper_left	2	V1	1	1
lower_left	105	4.9670524e-07	orth	upper_left	2	V1	1	1
lower_left	106	6.457167e-07	orth	upper_left	2	V1	1	1
lower_left	107	6.457167e-07	orth	upper_left	2	V1	1	1
lower_left	108	6.556508e-07	orth	upper_left	2	V1	1	1
lower_left	109	1.0033438e-06	orth	upper_left	2	V1	1	1
lower_left	110	0.029831856	orth	upper_left	2	V1	1	1
lower_left	111	0.012921065	orth	upper_left	2	V1	1	1
lower_left	112	1.7583316e-06	orth	upper_left	2	V1	1	1
lower_left	113	8.046622e-07	orth	upper_left	2	V1	1	1
lower_left	114	1.4205743e-06	orth	upper_left	2	V1	1	1
lower_left	115	7.053213e-07	orth	upper_left	2	V1	1	1
lower_left	116	7.9472807e-07	orth	upper_left	2	V1	1	1
lower_left	117	8.1459626e-07	orth	upper_left	2	V1	1	1
lower_left	118	1.2119593e-06	orth	upper_left	2	V1	1	1
lower_left	119	0.013307382	orth	upper_left	2	V1	1	1
lower_left	120	8.6426667e-07	orth	upper_left	2	V1	1	1
lower_left	121	6.556508e-07	orth	upper_left	2	V1	1	1
lower_left	122	1.976879e-06	orth	upper_left	2	V1	1	1
lower_left	123	3.745113e-06	orth	upper_left	2	V1	1	1
lower_left	124	7.4505766e-07	orth	upper_left	2	V1	1	1
lower_left	125	1.1821572e-06	orth	upper_left	2	V1	1	1
lower_left	126	1.3609705e-06	orth	upper_left	2	V1	1	1
lower_left	127	0.0014269277	orth	upper_left	2	V1	1	1
lower_left	128	1.8676054e-06	orth	upper_left	2	V1	1	1
lower_left	129	1.8080012e-06	orth	upper_left	2	V1	1	1
lower_left	130	5.6624395e-07	orth	upper_left	2	V1	1	1
lower_left	131	8.5433254e-07	orth	upper_left	2	V1	1	1
lower_left	132	9.3380527e-07	orth	upper_left	2	V1	1	1
lower_left	133	4.8677117e-07	orth	upper_left	2	V1	1	1
lower_left	134	4.0729833e-07	orth	upper_left	2	V1	1	1
lower_left	135	5.265075e-07	orth	upper_left	2	V1	1	1
lower_left	136	1.2020253e-06	orth	upper_left	2	V1	1	1
lower_left	137	1.6291893e-06	orth	upper_left	2	V1	1	1
lower_left	138	7.5499173e-07	orth	upper_left	2	V1	1	1
lower_left	139	1.2119593e-06	orth	upper_left	2	V1	1	1
lower_left	140	7.053213e-07	orth	upper_left	2	V1	1	1
lower_left	141	5.165734e-07	orth	upper_left	2	V1	1	1
lower_left	142	5.6624395e-07	orth	upper_left	2	V1	1	1
lower_left	143	5.165734e-07	orth	upper_left	2	V1	1	1
lower_left	144	5.6624395e-07	orth	upper_left	2	V1	1	1
lower_left	145	5.6624395e-07	orth	upper_left	2	V1	1	1
lower_left	146	5.0663937e-07	orth	upper_left	2	V1	1	1
lower_left	147	9.04003e-07	orth	upper_left	2	V1	1	1
lower_left	148	1.0331461e-06	orth	upper_left	2	V1	1	1
lower_left	149	6.0598035e-07	orth	upper_left	2	V1	1	1
lower_left	150	5.563099e-07	orth	upper_left	2	V1	1	1
lower_left	151	7.9472807e-07	orth	upper_left	2	V1	1	1
lower_left	152	6.75519e-07	orth	upper_left	2	V1	1	1
lower_left	153	5.76178e-07	orth	upper_left	2	V1	1	1
lower_left	154	4.5696888e-07	orth	upper_left	2	V1	1	1
lower_left	155	4.0729833e-07	orth	upper_left	2	V1	1	1
lower_left	156	4.5696888e-07	orth	upper_left	2	V1	1	1
lower_left	157	9.1393713e-07	orth	upper_left	2	V1	1	1
lower_left	158	9.3380527e-07	orth	upper_left	2	V1	1	1
lower_left	159	5.6624395e-07	orth	upper_left	2	V1	1	1
lower_left	160	6.159144e-07	orth	upper_left	2	V1	1	1
lower_left	161	7.8479405e-07	orth	upper_left	2	V1	1	1
lower_left	162	0.016393298	orth	upper_left	2	V1	1	1
lower_left	163	0.03361763	orth	upper_left	2	V1	1	1
lower_left	164	8.94069e-07	orth	upper_left	2	V1	1	1
lower_left	165	4.9670524e-07	orth	upper_left	2	V1	1	1
lower_left	166	5.1657344e-07	orth	upper_left	2	V1	1	1
lower_left	167	0.0060860855	orth	upper_left	2	V1	1	1
lower_left	168	9.0149195e-05	orth	upper_left	2	V1	1	1
lower_left	169	1.1821571e-06	orth	upper_left	2	V1	1	1
lower_left	170	6.159144e-07	orth	upper_left	2	V1	1	1
lower_left	171	4.6690295e-07	orth	upper_left	2	V1	1	1
lower_left	172	6.556508e-07	orth	upper_left	2	V1	1	1
lower_left	173	3.0596764e-06	orth	upper_left	2	V1	1	1
lower_left	174	1.0728824e-06	orth	upper_left	2	V1	1	1
lower_left	175	0.0034318592	orth	upper_left	2	V1	1	1
lower_left	176	5.7318516e-06	orth	upper_left	2	V1	1	1
lower_left	177	2.443776e-06	orth	upper_left	2	V1	1	1
lower_left	178	0.008739214	orth	upper_left	2	V1	1	1
lower_left	179	0.0038911307	orth	upper_left	2	V1	1	1
lower_left	180	0.0071836077	orth	upper_left	2	V1	1	1
lower_left	181	0.008654563	orth	upper_left	2	V1	1	1
lower_left	182	0.0009766811	orth	upper_left	2	V1	1	1
lower_left	183	6.655849e-07	orth	upper_left	2	V1	1	1
lower_left	184	1.4305083e-06	orth	upper_left	2	V1	1	1
lower_left	185	2.9305365e-06	orth	upper_left	2	V1	1	1
lower_left	186	0.0076719797	orth	upper_left	2	V1	1	1
lower_left	187	1.0828165e-06	orth	upper_left	2	V1	1	1
lower_left	188	7.053213e-07	orth	upper_left	2	V1	1	1
lower_left	189	7.9472807e-07	orth	upper_left	2	V1	1	1
lower_left	190	1.1657954e-05	orth	upper_left	2	V1	1	1
lower_left	191	1.2119593e-06	orth	upper_left	2	V1	1	1
lower_left	192	5.6624395e-07	orth	upper_left	2	V1	1	1
lower_left	193	4.5696888e-07	orth	upper_left	2	V1	1	1
lower_left	194	8.2453033e-07	orth	upper_left	2	V1	1	1
lower_left	195	8.1459626e-07	orth	upper_left	2	V1	1	1
lower_left	196	6.159144e-07	orth	upper_left	2	V1	1	1
lower_left	197	5.463757e-07	orth	upper_left	2	V1	1	1
lower_left	198	5.265075e-07	orth	upper_left	2	V1	1	1
lower_left	199	0.01071542	orth	upper_left	2	V1	1	1
lower_left	200	0.014708997	orth	upper_left	2	V1	1	1
lower_left	201	1.0033439e-06	orth	upper_left	2	V1	1	1
lower_left	202	5.563099e-07	orth	upper_left	2	V1	1	1
lower_left	203	7.1525534e-07	orth	upper_left	2	V1	1	1
lower_left	204	5.6624395e-07	orth	upper_left	2	V1	1	1
lower_left	205	3.77496e-07	orth	upper_left	2	V1	1	1
lower_left	206	3.5762784e-07	orth	upper_left	2	V1	1	1
lower_left	207	5.8611215e-07	orth	upper_left	2	V1	1	1
lower_left	208	5.960462e-07	orth	upper_left	2	V1	1	1
lower_left	209	5.463757e-07	orth	upper_left	2	V1	1	1
lower_left	210	4.0729833e-07	orth	upper_left	2	V1	1	1
lower_left	211	4.9670524e-07	orth	upper_left	2	V1	1	1
lower_left	212	0.01788771	orth	upper_left	2	V1	1	1
lower_left	213	0.009183558	orth	upper_left	2	V1	1	1
lower_left	214	0.0129346475	orth	upper_left	2	V1	1	1
lower_left	215	0.00013300935	orth	upper_left	2	V1	1	1
lower_left	216	5.1657344e-07	orth	upper_left	2	V1	1	1
lower_left	217	4.5696888e-07	orth	upper_left	2	V1	1	1
lower_left	218	5.1657344e-07	orth	upper_left	2	V1	1	1
lower_left	219	4.0729833e-07	orth	upper_left	2	V1	1	1
lower_left	220	5.6624395e-07	orth	upper_left	2	V1	1	1
lower_left	221	4.867711e-07	orth	upper_left	2	V1	1	1
lower_left	222	5.066393e-07	orth	upper_left	2	V1	1	1
lower_left	223	6.65585e-07	orth	upper_left	2	V1	1	1
lower_left	224	1.5795189e-06	orth	upper_left	2	V1	1	1
lower_left	225	1.2914319e-06	orth	upper_left	2	V1	1	1
lower_left	226	5.563099e-07	orth	upper_left	2	V1	1	1
lower_left	227	4.0729833e-07	orth	upper_left	2	V1	1	1
lower_left	228	4.3996715e-05	orth	upper_left	2	V1	1	1
lower_left	229	6.2690764e-05	orth	upper_left	2	V1	1	1
lower_left	230	0.024214566	orth	upper_left	2	V1	1	1
lower_left	231	0.0039372873	orth	upper_left	2	V1	1	1
lower_left	232	0.01777574	orth	upper_left	2	V1	1	1
lower_left	233	6.0598035e-07	orth	upper_left	2	V1	1	1
lower_left	234	3.9736423e-07	orth	upper_left	2	V1	1	1
lower_left	235	3.6756194e-07	orth	upper_left	2	V1	1	1
lower_left	236	8.245304e-07	orth	upper_left	2	V1	1	1
lower_left	237	0.04333448	orth	upper_left	2	V1	1	1
lower_left	238	1.7384638e-06	orth	upper_left	2	V1	1	1
lower_left	239	8.1459626e-07	orth	upper_left	2	V1	1	1
lower_left	240	0.017157214	orth	upper_left	2	V1	1	1
lower_left	241	0.040819693	orth	upper_left	2	V1	1	1
lower_left	242	0.014765351	orth	upper_left	2	V1	1	1
lower_left	243	2.7715935e-06	orth	upper_left	2	V1	1	1
lower_left	244	1.2715636e-06	orth	upper_left	2	V1	1	1
lower_left	245	0.00081698276	orth	upper_left	2	V1	1	1
lower_left	246	0.011642244	orth	upper_left	2	V1	1	1
lower_left	247	3.1987504e-06	orth	upper_left	2	V1	1	1
lower_left	248	7.2518947e-07	orth	upper_left	2	V1	1	1
lower_left	249	5.6624395e-07	orth	upper_left	2	V1	1	1
lower_left	250	4.2716655e-07	orth	upper_left	2	V1	1	1
lower_left	251	3.476937e-07	orth	upper_left	2	V1	1	1
lower_left	252	3.874301e-07	orth	upper_left	2	V1	1	1
lower_left	253	5.3644163e-07	orth	upper_left	2	V1	1	1
lower_left	254	0.004119677	orth	upper_left	2	V1	1	1
lower_left	255	2.5868167e-05	orth	upper_left	2	V1	1	1
lower_left	256	9.4373985e-07	orth	upper_left	2	V1	1	1
lower_left	257	9.5367403e-07	orth	upper_left	2	V1	1	1
lower_right	0	5.5641456	opposite	upper_left	2	V1	1	1
lower_right	1	2.6786792	opposite	upper_left	2	V1	1	1
lower_right	2	2.7126472	opposite	upper_left	2	V1	1	1
lower_right	3	2.7337034	opposite	upper_left	2	V1	1	1
lower_right	4	2.644649	opposite	upper_left	2	V1	1	1
lower_right	5	2.583979	opposite	upper_left	2	V1	1	1
lower_right	6	2.6356194	opposite	upper_left	2	V1	1	1
lower_right	7	2.6794586	opposite	upper_left	2	V1	1	1
lower_right	8	2.7241373	opposite	upper_left	2	V1	1	1
lower_right	9	2.7833474	opposite	upper_left	2	V1	1	1
lower_right	10	2.7962198	opposite	upper_left	2	V1	1	1
lower_right	11	2.8179696	opposite	upper_left	2	V1	1	1
lower_right	12	2.9239328	opposite	upper_left	2	V1	1	1
lower_right	13	2.9119377	opposite	upper_left	2	V1	1	1
lower_right	14	2.8078873	opposite	upper_left	2	V1	1	1
lower_right	15	2.666661	opposite	upper_left	2	V1	1	1
lower_right	16	2.652393	opposite	upper_left	2	V1	1	1
lower_right	17	2.648781	opposite	upper_left	2	V1	1	1
lower_right	18	2.597617	opposite	upper_left	2	V1	1	1
lower_right	19	2.6585655	opposite	upper_left	2	V1	1	1
lower_right	20	2.7263148	opposite	upper_left	2	V1	1	1
lower_right	21	2.7504969	opposite	upper_left	2	V1	1	1
lower_right	22	2.801379	opposite	upper_left	2	V1	1	1
lower_right	23	2.8571336	opposite	upper_left	2	V1	1	1
lower_right	24	2.853878	opposite	upper_left	2	V1	1	1
lower_right	25	2.7782333	opposite	upper_left	2	V1	1	1
lower_right	26	2.735978	opposite	upper_left	2	V1	1	1
lower_right	27	2.655423	opposite	upper_left	2	V1	1	1
lower_right	28	2.526413	opposite	upper_left	2	V1	1	1
lower_right	29	2.4979703	opposite	upper_left	2	V1	1	1
lower_right	30	2.5290859	opposite	upper_left	2	V1	1	1
lower_right	31	2.630292	opposite	upper_left	2	V1	1	1
lower_right	32	2.6260529	opposite	upper_left	2	V1	1	1
lower_right	33	2.6942685	opposite	upper_left	2	V1	1	1
lower_right	34	2.736811	opposite	upper_left	2	V1	1	1
lower_right	35	2.7844117	opposite	upper_left	2	V1	1	1
lower_right	36	2.7312124	opposite	upper_left	2	V1	1	1
lower_right	37	2.6664474	opposite	upper_left	2	V1	1	1
lower_right	38	2.689085	opposite	upper_left	2	V1	1	1
lower_right	39	2.6929924	opposite	upper_left	2	V1	1	1
lower_right	40	2.667058	opposite	upper_left	2	V1	1	1
lower_right	41	2.6629162	opposite	upper_left	2	V1	1	1
lower_right	42	2.6994774	opposite	upper_left	2	V1	1	1
lower_right	43	2.758137	opposite	upper_left	2	V1	1	1
lower_right	44	2.7478313	opposite	upper_left	2	V1	1	1
lower_right	45	2.8540719	opposite	upper_left	2	V1	1	1
lower_right	46	2.9024105	opposite	upper_left	2	V1	1	1
lower_right	47	2.8567553	opposite	upper_left	2	V1	1	1
lower_right	48	2.7916794	opposite	upper_left	2	V1	1	1
lower_right	49	2.7689745	opposite	upper_left	2	V1	1	1
lower_right	50	2.706667	opposite	upper_left	2	V1	1	1
lower_right	51	2.6039827	opposite	upper_left	2	V1	1	1
lower_right	52	2.6658192	opposite	upper_left	2	V1	1	1
lower_right	53	2.6071494	opposite	upper_left	2	V1	1	1
lower_right	54	2.5519323	opposite	upper_left	2	V1	1	1
lower_right	55	2.535649	opposite	upper_left	2	V1	1	1
lower_right	56	2.6199062	opposite	upper_left	2	V1	1	1
lower_right	57	2.696625	opposite	upper_left	2	V1	1	1
lower_right	58	2.6925554	opposite	upper_left	2	V1	1	1
lower_right	59	2.7141266	opposite	upper_left	2	V1	1	1
lower_right	60	2.7737215	opposite	upper_left	2	V1	1	1
lower_right	61	2.7890024	opposite	upper_left	2	V1	1	1
lower_right	62	2.818395	opposite	upper_left	2	V1	1	1
lower_right	63	2.7949536	opposite	upper_left	2	V1	1	1
lower_right	64	2.877674	opposite	upper_left	2	V1	1	1
lower_right	65	2.869753	opposite	upper_left	2	V1	1	1
lower_right	66	2.7242424	opposite	upper_left	2	V1	1	1
lower_right	67	2.6501362	opposite	upper_left	2	V1	1	1
lower_right	68	2.5664647	opposite	upper_left	2	V1	1	1
lower_right	69	2.610412	opposite	upper_left	2	V1	1	1
lower_right	70	2.642979	opposite	upper_left	2	V1	1	1
lower_right	71	2.6248932	opposite	upper_left	2	V1	1	1
lower_right	72	2.6404965	opposite	upper_left	2	V1	1	1
lower_right	73	2.7098877	opposite	upper_left	2	V1	1	1
lower_right	74	2.762306	opposite	upper_left	2	V1	1	1
lower_right	75	2.7475169	opposite	upper_left	2	V1	1	1
lower_right	76	2.7431576	opposite	upper_left	2	V1	1	1
lower_right	77	2.7266157	opposite	upper_left	2	V1	1	1
lower_right	78	2.7029734	opposite	upper_left	2	V1	1	1
lower_right	79	2.684758	opposite	upper_left	2	V1	1	1
lower_right	80	2.6409118	opposite	upper_left	2	V1	1	1
lower_right	81	2.713083	opposite	upper_left	2	V1	1	1
lower_right	82	2.7663186	opposite	upper_left	2	V1	1	1
lower_right	83	2.772622	opposite	upper_left	2	V1	1	1
lower_right	84	2.7636025	opposite	upper_left	2	V1	1	1
lower_right	85	2.8010683	opposite	upper_left	2	V1	1	1
lower_right	86	2.7556374	opposite	upper_left	2	V1	1	1
lower_right	87	2.7615983	opposite	upper_left	2	V1	1	1
lower_right	88	2.7533715	opposite	upper_left	2	V1	1	1
lower_right	89	2.6667755	opposite	upper_left	2	V1	1	1
lower_right	90	2.6576908	opposite	upper_left	2	V1	1	1
lower_right	91	2.7555723	opposite	upper_left	2	V1	1	1
lower_right	92	2.7794313	opposite	upper_left	2	V1	1	1
lower_right	93	2.7509956	opposite	upper_left	2	V1	1	1
lower_right	94	2.7298071	opposite	upper_left	2	V1	1	1
lower_right	95	2.7049713	opposite	upper_left	2	V1	1	1
lower_right	96	2.7159193	opposite	upper_left	2	V1	1	1
lower_right	97	2.7199352	opposite	upper_left	2	V1	1	1
lower_right	98	2.632483	opposite	upper_left	2	V1	1	1
lower_right	99	2.6302583	opposite	upper_left	2	V1	1	1
lower_right	100	2.662376	opposite	upper_left	2	V1	1	1
lower_right	101	2.6706593	opposite	upper_left	2	V1	1	1
lower_right	102	2.6295137	opposite	upper_left	2	V1	1	1
lower_right	103	2.6719007	opposite	upper_left	2	V1	1	1
lower_right	104	2.658023	opposite	upper_left	2	V1	1	1
lower_right	105	2.6472042	opposite	upper_left	2	V1	1	1
lower_right	106	2.6825778	opposite	upper_left	2	V1	1	1
lower_right	107	2.6289194	opposite	upper_left	2	V1	1	1
lower_right	108	2.6413867	opposite	upper_left	2	V1	1	1
lower_right	109	2.7030756	opposite	upper_left	2	V1	1	1
lower_right	110	2.7850506	opposite	upper_left	2	V1	1	1
lower_right	111	2.7862623	opposite	upper_left	2	V1	1	1
lower_right	112	2.751725	opposite	upper_left	2	V1	1	1
lower_right	113	2.7944558	opposite	upper_left	2	V1	1	1
lower_right	114	2.8142536	opposite	upper_left	2	V1	1	1
lower_right	115	2.7502556	opposite	upper_left	2	V1	1	1
lower_right	116	2.7616813	opposite	upper_left	2	V1	1	1
lower_right	117	2.7308161	opposite	upper_left	2	V1	1	1
lower_right	118	2.7161634	opposite	upper_left	2	V1	1	1
lower_right	119	2.7482073	opposite	upper_left	2	V1	1	1
lower_right	120	2.7051773	opposite	upper_left	2	V1	1	1
lower_right	121	2.6920185	opposite	upper_left	2	V1	1	1
lower_right	122	2.7681792	opposite	upper_left	2	V1	1	1
lower_right	123	2.7966878	opposite	upper_left	2	V1	1	1
lower_right	124	2.7719505	opposite	upper_left	2	V1	1	1
lower_right	125	2.8111155	opposite	upper_left	2	V1	1	1
lower_right	126	2.7550247	opposite	upper_left	2	V1	1	1
lower_right	127	2.778279	opposite	upper_left	2	V1	1	1
lower_right	128	2.6983259	opposite	upper_left	2	V1	1	1
lower_right	129	2.6806936	opposite	upper_left	2	V1	1	1
lower_right	130	2.6194904	opposite	upper_left	2	V1	1	1
lower_right	131	2.6066558	opposite	upper_left	2	V1	1	1
lower_right	132	2.6776378	opposite	upper_left	2	V1	1	1
lower_right	133	2.6685174	opposite	upper_left	2	V1	1	1
lower_right	134	2.6473374	opposite	upper_left	2	V1	1	1
lower_right	135	2.6839306	opposite	upper_left	2	V1	1	1
lower_right	136	2.758627	opposite	upper_left	2	V1	1	1
lower_right	137	2.7667837	opposite	upper_left	2	V1	1	1
lower_right	138	2.6936471	opposite	upper_left	2	V1	1	1
lower_right	139	2.6893387	opposite	upper_left	2	V1	1	1
lower_right	140	2.6812303	opposite	upper_left	2	V1	1	1
lower_right	141	2.6583922	opposite	upper_left	2	V1	1	1
lower_right	142	2.6874793	opposite	upper_left	2	V1	1	1
lower_right	143	2.696757	opposite	upper_left	2	V1	1	1
lower_right	144	2.706624	opposite	upper_left	2	V1	1	1
lower_right	145	2.6916902	opposite	upper_left	2	V1	1	1
lower_right	146	2.7092705	opposite	upper_left	2	V1	1	1
lower_right	147	2.7926013	opposite	upper_left	2	V1	1	1
lower_right	148	2.774869	opposite	upper_left	2	V1	1	1
lower_right	149	2.728976	opposite	upper_left	2	V1	1	1
lower_right	150	2.6585739	opposite	upper_left	2	V1	1	1
lower_right	151	2.6815805	opposite	upper_left	2	V1	1	1
lower_right	152	2.6679926	opposite	upper_left	2	V1	1	1
lower_right	153	2.6403215	opposite	upper_left	2	V1	1	1
lower_right	154	2.65472	opposite	upper_left	2	V1	1	1
lower_right	155	2.600374	opposite	upper_left	2	V1	1	1
lower_right	156	2.6206172	opposite	upper_left	2	V1	1	1
lower_right	157	2.6555119	opposite	upper_left	2	V1	1	1
lower_right	158	2.6396692	opposite	upper_left	2	V1	1	1
lower_right	159	2.6151178	opposite	upper_left	2	V1	1	1
lower_right	160	2.6294253	opposite	upper_left	2	V1	1	1
lower_right	161	2.7136667	opposite	upper_left	2	V1	1	1
lower_right	162	2.8049557	opposite	upper_left	2	V1	1	1
lower_right	163	2.846255	opposite	upper_left	2	V1	1	1
lower_right	164	2.7784646	opposite	upper_left	2	V1	1	1
lower_right	165	2.7256432	opposite	upper_left	2	V1	1	1
lower_right	166	2.723243	opposite	upper_left	2	V1	1	1
lower_right	167	2.7903235	opposite	upper_left	2	V1	1	1
lower_right	168	2.7645204	opposite	upper_left	2	V1	1	1
lower_right	169	2.715534	opposite	upper_left	2	V1	1	1
lower_right	170	2.6389716	opposite	upper_left	2	V1	1	1
lower_right	171	2.607659	opposite	upper_left	2	V1	1	1
lower_right	172	2.6351154	opposite	upper_left	2	V1	1	1
lower_right	173	2.7441235	opposite	upper_left	2	V1	1	1
lower_right	174	2.784651	opposite	upper_left	2	V1	1	1
lower_right	175	2.8909645	opposite	upper_left	2	V1	1	1
lower_right	176	2.860879	opposite	upper_left	2	V1	1	1
lower_right	177	2.8217156	opposite	upper_left	2	V1	1	1
lower_right	178	2.8079994	opposite	upper_left	2	V1	1	1
lower_right	179	2.7879102	opposite	upper_left	2	V1	1	1
lower_right	180	2.7439566	opposite	upper_left	2	V1	1	1
lower_right	181	2.712135	opposite	upper_left	2	V1	1	1
lower_right	182	2.6512587	opposite	upper_left	2	V1	1	1
lower_right	183	2.6227145	opposite	upper_left	2	V1	1	1
lower_right	184	2.7074325	opposite	upper_left	2	V1	1	1
lower_right	185	2.7447453	opposite	upper_left	2	V1	1	1
lower_right	186	2.7512538	opposite	upper_left	2	V1	1	1
lower_right	187	2.7608163	opposite	upper_left	2	V1	1	1
lower_right	188	2.7251675	opposite	upper_left	2	V1	1	1
lower_right	189	2.735	opposite	upper_left	2	V1	1	1
lower_right	190	2.7672205	opposite	upper_left	2	V1	1	1
lower_right	191	2.7095225	opposite	upper_left	2	V1	1	1
lower_right	192	2.6107624	opposite	upper_left	2	V1	1	1
lower_right	193	2.6263797	opposite	upper_left	2	V1	1	1
lower_right	194	2.7010486	opposite	upper_left	2	V1	1	1
lower_right	195	2.7260702	opposite	upper_left	2	V1	1	1
lower_right	196	2.7420056	opposite	upper_left	2	V1	1	1
lower_right	197	2.75402	opposite	upper_left	2	V1	1	1
lower_right	198	2.795314	opposite	upper_left	2	V1	1	1
lower_right	199	2.8954313	opposite	upper_left	2	V1	1	1
lower_right	200	2.8467581	opposite	upper_left	2	V1	1	1
lower_right	201	2.7344291	opposite	upper_left	2	V1	1	1
lower_right	202	2.658144	opposite	upper_left	2	V1	1	1
lower_right	203	2.6905525	opposite	upper_left	2	V1	1	1
lower_right	204	2.6289034	opposite	upper_left	2	V1	1	1
lower_right	205	2.5726995	opposite	upper_left	2	V1	1	1
lower_right	206	2.5366929	opposite	upper_left	2	V1	1	1
lower_right	207	2.5956004	opposite	upper_left	2	V1	1	1
lower_right	208	2.6527927	opposite	upper_left	2	V1	1	1
lower_right	209	2.651719	opposite	upper_left	2	V1	1	1
lower_right	210	2.6037357	opposite	upper_left	2	V1	1	1
lower_right	211	2.6340544	opposite	upper_left	2	V1	1	1
lower_right	212	2.7587903	opposite	upper_left	2	V1	1	1
lower_right	213	2.7488804	opposite	upper_left	2	V1	1	1
lower_right	214	2.737602	opposite	upper_left	2	V1	1	1
lower_right	215	2.7191257	opposite	upper_left	2	V1	1	1
lower_right	216	2.716862	opposite	upper_left	2	V1	1	1
lower_right	217	2.7415874	opposite	upper_left	2	V1	1	1
lower_right	218	2.7484217	opposite	upper_left	2	V1	1	1
lower_right	219	2.6889343	opposite	upper_left	2	V1	1	1
lower_right	220	2.6787157	opposite	upper_left	2	V1	1	1
lower_right	221	2.572459	opposite	upper_left	2	V1	1	1
lower_right	222	2.58836	opposite	upper_left	2	V1	1	1
lower_right	223	2.6226006	opposite	upper_left	2	V1	1	1
lower_right	224	2.734517	opposite	upper_left	2	V1	1	1
lower_right	225	2.7380488	opposite	upper_left	2	V1	1	1
lower_right	226	2.7530472	opposite	upper_left	2	V1	1	1
lower_right	227	2.7323072	opposite	upper_left	2	V1	1	1
lower_right	228	2.7709043	opposite	upper_left	2	V1	1	1
lower_right	229	2.741555	opposite	upper_left	2	V1	1	1
lower_right	230	2.7116845	opposite	upper_left	2	V1	1	1
lower_right	231	2.739663	opposite	upper_left	2	V1	1	1
lower_right	232	2.7668107	opposite	upper_left	2	V1	1	1
lower_right	233	2.6793804	opposite	upper_left	2	V1	1	1
lower_right	234	2.574899	opposite	upper_left	2	V1	1	1
lower_right	235	2.5973527	opposite	upper_left	2	V1	1	1
lower_right	236	2.7040937	opposite	upper_left	2	V1	1	1
lower_right	237	2.8424149	opposite	upper_left	2	V1	1	1
lower_right	238	2.7904365	opposite	upper_left	2	V1	1	1
lower_right	239	2.7789404	opposite	upper_left	2	V1	1	1
lower_right	240	2.80552	opposite	upper_left	2	V1	1	1
lower_right	241	2.8255203	opposite	upper_left	2	V1	1	1
lower_right	242	2.7766705	opposite	upper_left	2	V1	1	1
lower_right	243	2.7554493	opposite	upper_left	2	V1	1	1
lower_right	244	2.7883046	opposite	upper_left	2	V1	1	1
lower_right	245	2.8736238	opposite	upper_left	2	V1	1	1
lower_right	246	2.918424	opposite	upper_left	2	V1	1	1
lower_right	247	2.9245386	opposite	upper_left	2	V1	1	1
lower_right	248	2.9282067	opposite	upper_left	2	V1	1	1
lower_right	249	2.9776485	opposite	upper_left	2	V1	1	1
lower_right	250	3.0004413	opposite	upper_left	2	V1	1	1
lower_right	251	2.981863	opposite	upper_left	2	V1	1	1
lower_right	252	2.9890068	opposite	upper_left	2	V1	1	1
lower_right	253	2.9399655	opposite	upper_left	2	V1	1	1
lower_right	254	2.6986153	opposite	upper_left	2	V1	1	1
lower_right	255	1.955462	opposite	upper_left	2	V1	1	1
lower_right	256	0.652432	opposite	upper_left	2	V1	1	1
lower_right	257	9.5367403e-07	opposite	upper_left	2	V1	1	1
